{
	"schemaVersion": 1,
	"id": "fixxplevel",
	"version": "${version}",
	"name": "FixXpLevel",
	"description": "This is an example description! Tell everyone what your mod is about!",
	"authors": [
		"Me!"
	],
	"contact": {
		"homepage": "https://fabricmc.net/",
		"sources": "https://github.com/FabricMC/fabric-example-mod"
	},
	"license": "CC0-1.0",
	"icon": "assets/fixxplevel/icon.png",
	"environment": "*",
	"entrypoints": {
		"main": [
			"chenjunfu2.fixxplevel.FixXpLevel"
		],
		"client": [
			"chenjunfu2.fixxplevel.FixXpLevelClient"
		]
	},
	"mixins": [
		"fixxplevel.mixins.json",
		{
			"config": "fixxplevel.client.mixins.json",
			"environment": "client"
		}
	],
	"depends": {
		"fabricloader": ">=0.16.14",
		"minecraft": "~1.21",
		"java": ">=21",
		"fabric-api": "*"
	},
	"suggests": {
		"another-mod": "*"
	}
}